{
    "ai_name": "MCTS",
    "scores": [
        21280,
        14632,
        7012,
        7192,
        6976
    ],
    "max_tiles": [
        2048,
        1024,
        512,
        512,
        512
    ],
    "moves_count": [
        1050,
        865,
        474,
        497,
        467
    ],
    "game_durations": [
        582.1321752071381,
        516.9641263484955,
        281.0803282260895,
        288.7795829772949,
        276.1589283943176
    ],
    "stats": {
        "average_score": 11418.4,
        "highest_score": 21280,
        "average_max_tile": 921.6,
        "highest_max_tile": 2048,
        "average_moves": 670.6,
        "success_rate_2048": 20.0,
        "average_time_to_2048": 582.1321752071381
    },
    "test_params": {
        "num_games": 5,
        "max_moves": 2000,
        "simulation_time": 0.2
    }
}