{
    "ai_name": "ML-Enhanced",
    "scores": [
        20796,
        12148,
        20248,
        15960,
        16544
    ],
    "max_tiles": [
        2048,
        1024,
        2048,
        1024,
        1024
    ],
    "moves_count": [
        1004,
        713,
        954,
        932,
        994
    ],
    "game_durations": [
        13069.419199705124,
        3120.990617752075,
        2423.9573228359222,
        3832.086210489273,
        4365.236109018326
    ],
    "stats": {
        "average_score": 17139.2,
        "highest_score": 20796,
        "average_max_tile": 1433.6,
        "highest_max_tile": 2048,
        "average_moves": 919.4,
        "success_rate_2048": 40.0,
        "average_time_to_2048": 7746.688261270523
    },
    "test_params": {
        "num_games": 5,
        "max_moves": 2000
    }
}