{
    "ai_name": "ML-Enhanced",
    "scores": [
        21216,
        14164,
        16452,
        20228,
        20612,
        20876,
        20852,
        20488,
        16688,
        14504
    ],
    "max_tiles": [
        2048,
        1024,
        1024,
        2048,
        2048,
        2048,
        2048,
        2048,
        1024,
        1024
    ],
    "moves_count": [
        987,
        817,
        977,
        959,
        991,
        1022,
        1022,
        978,
        2000,
        842
    ],
    "game_durations": [
        1105.6094422340393,
        1792.5949397087097,
        681.3210725784302,
        886.9579167366028,
        1075.6211228370667,
        799.6881010532379,
        1128.3429017066956,
        908.6315703392029,
        1168.950611114502,
        578.7880504131317
    ],
    "stats": {
        "average_score": 18108.0,
        "highest_score": 21216,
        "average_max_tile": 1638.4,
        "highest_max_tile": 2048,
        "average_moves": 1160.8,
        "success_rate_2048": 60.0,
        "average_time_to_2048": 859.8483225345611
    },
    "test_params": {
        "num_games": 10,
        "max_moves": 2000
    }
}